企业地址,公司名,公司类型,地址,成立日期,所属地区,所属行业,核准日期,法定代表人信息,注册号,注册资本,登记机关,纳税人识别号,组织机构代码,经营状态,经营范围,统一社会信用代码,英文名,营业期限,登记状态,曾用名,官网,电话,邮箱
河北省保定市顺平县蒲上镇白庙村,顺平县江泰塑料机械制造有限公司,有限责任公司(自然人独资),河北省保定市顺平县蒲上镇白庙村,2016-09-21,河北省,制造业,2016-09-21,王兰水,-,200万人民币,顺平县市场监督管理局,91130636MA07WA5741,-,存续（在营、开业、在册）,塑料机械制造销售。（依法须经批准的项目，经相关部门批准后方可开展经营活动）,91130636MA07WA5741,-,2016-09-21 至 2026-09-20,存续,,,13730468277,暂无
河北省保定市蠡县南庄镇前刘市村,蠡县大远汽车装饰用品制造有限公司,有限责任公司(自然人独资),河北省保定市蠡县南庄镇前刘市村,2016-01-22,河北省,制造业,2016-01-22,赵志远,-,50万人民币,蠡县工商行政管理局,91130635MA07MU1D83,-,存续（在营、开业、在册）,汽车装饰用品、汽车清洁用品制造、加工、销售。（不含危险化学品）（依法须经批准的项目，经相关部门批准后方可开展经营活动）,91130635MA07MU1D83,-,2016-01-22 至 无固定期限,存续,,,13932217606,暂无
项城市西大街铁路西路南,项城市旭日纺织有限公司,有限责任公司(自然人投资或控股),项城市西大街铁路西路南,2003-04-22,河南省,制造业,2016-04-06,张国民,-,52万元,周口市项城市工商行政管理局,914116817218970302,72189703-0,存续（在营、开业、在册）,纺织品、服装加工销售,914116817218970302,"Xiangcheng Xuri Weaving Co., Ltd.",2003-04-22 至 无固定期限,存续,,,13403885371,1458597084@qq.com
江西省九江市濂溪区金源物业服务有限公司内,九江市濂溪区恒鑫精密铸造厂,个人独资企业,江西省九江市濂溪区金源物业服务有限公司内,2010-03-23,江西省,制造业,2016-12-30,毛红萍,360402310003460,10万人民币,九江市濂溪区市场和质量监督管理局,91360402550894192H,55089419-2,存续（在营、开业、在册）,普通机械配件铸造（涉及行政许可的凭许可证经营）***,91360402550894192H,-,2010-03-23 至 无固定期限,存续,九江市庐山区恒鑫精密铸造厂,,13879219803,1024521552@qq.com
江西省九江市九江经济技术开发区出口加工区如琴路2号,九江市庐嘉玻璃纤维制品有限公司,有限责任公司(自然人投资或控股),江西省九江市九江经济技术开发区出口加工区如琴路2号,2015-05-06,江西省,制造业,2017-06-06,游楠,360421210016987,200万人民币,九江经济技术开发区市场和质量监督管理局,913604213328919110,33289191-1,存续（在营、开业、在册）,玻璃纤维丝短切加工，玻璃纤维布及其它玻璃纤维制品生产、销售，玻璃钢制造及销售，玻璃钢防腐工程施工，废旧物品回收及废包装桶回收利用。（依法须经批准的项目，经相关部门批准后方可开展经营活动）***,913604213328919110,-,2015-05-06 至 无固定期限,存续,,,13979216636,390887516@qq.com
九江市濂溪区五里街道前进村（濂溪区五里工业园）,九江市庐山区长虹机械有限公司,有限责任公司(自然人投资或控股),九江市濂溪区五里街道前进村（濂溪区五里工业园）,1999-07-29,江西省,制造业,2017-04-17,刘志敏,360402010000569,50万人民币,九江市濂溪区市场和质量监督管理局,91360402705643866T,70564386-6,存续（在营、开业、在册）,机械产品、零配件加工、销售，五金电器、钢材、建筑材料、日用百货、化工产品（危险品除外）销售（依法须经批准的项目，经相关部门批准后方可开展经营活动）**,91360402705643866T,-,1999-07-29 至 2034-04-30,存续,九江市庐山区长虹机械厂,,13607927604,2284932156@qq.com
河北省保定市蠡县小陈乡小陈村,蠡县万业纺织厂,个人独资企业,河北省保定市蠡县小陈乡小陈村,2017-05-12,河北省,制造业,2017-05-27,黄飞,-,-,蠡县工商行政管理局,91130635MA08J5CM86,-,存续（在营、开业、在册）,制造、加工、销售坯布、毛巾、浴巾、毛巾被、纱线。（不含漂洗、印染）（依法须经批准的项目，经相关部门批准后方可开展经营活动）,91130635MA08J5CM86,-,*** 至 无固定期限,存续,,,暂无,暂无
河北省保定市蠡县辛兴镇北宗村,蠡县盈乐园食品有限公司,有限责任公司(自然人独资),河北省保定市蠡县辛兴镇北宗村,2016-09-20,河北省,制造业,2016-09-20,李敏,-,100万人民币,蠡县工商行政管理局,91130635MA07W90A42,-,存续（在营、开业、在册）,山药制品、红薯制品、马铃薯制品加工、销售；农产品销售。（依法须经批准的项目，经相关部门批准后方可开展经营活动）,91130635MA07W90A42,-,2016-09-20 至 无固定期限,存续,,https://shop285098379.taobao.com,0312-5391120,515410015@qq.com
浙江省象山县鹤浦镇湾塘路24号,象山鹤丰水泥制品厂,个人独资企业,浙江省象山县鹤浦镇湾塘路24号,2007-06-15,浙江省,制造业,2017-03-16,吴乐昌,330225000071133,-,象山县市场监督管理局,91330225662083650D,-,存续,水泥预制品、水泥砖制造、加工。,91330225662083650D,-,*** 至 无固定期限,存续,,,暂无,暂无
南充市顺庆区华凤镇杜家嘴村三社,南充市顺庆区通禾构件加工厂,集体所有制,南充市顺庆区华凤镇杜家嘴村三社,2003-08-13,四川省,制造业,2016-06-30,刘通和,-,50万人民币,南充市顺庆区工商和质量技术监督局,91511302MA6299935U,-,存续（在营、开业、在册）,水泥烟道、水泥下水管、路面地板砖、路沿石、窨井盖生产、销售。（依法须经批准的项目，经相关部门批准后方可开展经营活动）,91511302MA6299935U,-,2003-11-24 至 无固定期限,存续,南充市顺庆区杜家嘴预制厂   企业(机构)南充市顺庆区杜家嘴预制厂,,13890819263,928385586@qq.com
河北省石家庄市晋州市和平路东（福康小区）,石家庄童乐服饰有限公司,有限责任公司,河北省石家庄市晋州市和平路东（福康小区）,2015-06-02,河北省,制造业,2017-02-27,李月涛,-,100万人民币,晋州市工商行政管理局,91130183MA0883YA4F,-,存续（在营、开业、在册）,婴幼儿服饰、儿童服饰、成人服饰、床上用品加工销售。（依法须经批准的项目，经相关部门批准后方可开展经营活动）,91130183MA0883YA4F,-,2015-06-02 至 2035-06-01,存续,,,13566694630,暂无
石家庄市栾城区王村中华大街2号（栾窦路以南）,石家庄拓雄工具制造有限公司,有限责任公司,石家庄市栾城区王村中华大街2号（栾窦路以南）,2017-06-02,河北省,制造业,2017-06-02,高会忠,-,50万人民币,栾城区工商行政管理局,91130124MA08LXRG1A,-,存续（在营、开业、在册）,金刚石工具、机械设备及配件生产、加工；金刚石工具、电动工具、合金工具、机械配件销售。（以上范围金属表面处理及热处理除外，依法须经批准的项目，经相关部门批准后方可开展经营活动）**（依法须经批准的项目，经相关部门批准后方可开展经营活动）,91130124MA08LXRG1A,-,2017-06-02 至 无固定期限,存续,,,暂无,暂无
河北省保定市蠡县鲍墟乡正南庄村,蠡县宇翼服装制造有限公司,有限责任公司(自然人独资),河北省保定市蠡县鲍墟乡正南庄村,2017-04-26,河北省,制造业,2017-04-26,苑进友,-,500万人民币,蠡县工商行政管理局,91130635MA08G0DJX6,-,存续（在营、开业、在册）,制造、加工、销售服装、裘皮服装、防寒服、服饰、帽子、帽圈；并经营以上货物进出口、技术进出口业务。（不含制革、喷涂、硝染、漂染）（国家禁止的除外）（依法须经批准的项目，经相关部门批准后方可开展经营活动）,91130635MA08G0DJX6,-,2017-04-26 至 无固定期限,存续,,,暂无,暂无
浙江省象山县工业示范园区园南路,象山乾丰制衣有限公司,有限责任公司(自然人投资或控股),浙江省象山县工业示范园区园南路,2008-12-10,浙江省,制造业,2016-06-24,蒋钢焱,330225000031191,3万人民币,象山县市场监督管理局,91330225681087198Q,-,存续,"一般经营项目：针织服装制造、加工；自营和代理各类货物和技术的进出口,但国家限定公司经营或禁止进出口的货物和技术除外",91330225681087198Q,-,2008-12-10 至 2018-12-09,存续,,,13486064964,暂无
浙江省象山县丹西街道象山经济开发区创业路12号,象山润生塑业有限公司,有限责任公司(自然人投资或控股),浙江省象山县丹西街道象山经济开发区创业路12号,2013-03-26,浙江省,制造业,2016-05-03,朱仁曹,330225000098112,30万人民币,象山县市场监督管理局,91330225062934685K,-,存续,塑料制品、模具、机械设备及配件制造、加工、批发、零售。,91330225062934685K,-,2013-03-26 至 无固定期限,存续,,,13606786268,暂无
河北省石家庄市桥西区平安南大街180号华夏窗帘城一层20-21号,石家庄新景窗帘有限公司,有限责任公司,河北省石家庄市桥西区平安南大街180号华夏窗帘城一层20-21号,2016-06-21,河北省,制造业,2016-07-15,赵淑芬,-,50万人民币,桥西区市场监督管理局,91130104MA07RW3C5K,-,存续（在营、开业、在册）,针纺织品生产（仅限分支机构）及批发零售，室内装饰装修工程设计、施工。（依法须经批准的项目，经相关部门批准后方可开展经营活动）,91130104MA07RW3C5K,-,2016-06-21 至 2036-06-20,存续,,,13383041931,暂无
河北省石家庄市藁城区南营镇南营村村西500米,石家庄兴力机械加工厂,个人独资企业,河北省石家庄市藁城区南营镇南营村村西500米,2017-04-27,河北省,制造业,2017-05-27,王兴丽,-,-,藁城区工商行政管理局,91130182MA08G4PCXX,-,存续（在营、开业、在册）,精密铸件、通用机械设备及零部件加工、销售（依法须经批准的项目，经相关部门批准后方可开展经营活动）。,91130182MA08G4PCXX,-,*** 至 无固定期限,存续,,,暂无,暂无
江西省九江市永修县星火工业园火炬大道2号,九江市润洲化工科技有限公司,有限责任公司(自然人独资),江西省九江市永修县星火工业园火炬大道2号,2008-02-26,江西省,制造业,2016-05-18,周银,360425210000670,60万人民币,永修县市场和质量监督管理局,913604256697956342,66979563-4,存续（在营、开业、在册）,"化工原料产品的生产和销售,2,3---二氰基丙酸乙酯的生产和销售（除化学危险品外）（以上经营项目国家有专项规定的凭许可证经营）***",913604256697956342,-,2008-02-26 至 2038-02-25,存续,,,0792-3171266,runzhoujj2007@126.com
石家庄市栾城区西许营村方西路12号,石家庄旭源制冷设备有限公司,有限责任公司(自然人独资),石家庄市栾城区西许营村方西路12号,2016-10-28,河北省,制造业,2016-10-28,王宽,-,200万人民币,栾城区工商行政管理局,91130124MA07X64Y3L,-,存续（在营、开业、在册）,五金电料、暖气配件销售安装；制冷设备及配件研发、设计、安装、销售、维修（依法须经批准的项目，经相关部门批准后方可开展经营活动）**,91130124MA07X64Y3L,-,2016-10-28 至 无固定期限,存续,,,13001890774,暂无
浙江省金华市金东区澧浦工业区块1幢（浙江锦芳卫生用品有限公司内）,金华市邵龙海绵有限公司,有限责任公司(自然人投资或控股),浙江省金华市金东区澧浦工业区块1幢（浙江锦芳卫生用品有限公司内）,2012-08-20,浙江省,制造业,2017-08-14,潘瑶,330703000045560,50万人民币,金华市金东区市场监督管理局,91330703052808423T,052808423,存续,日用海绵制品（不含危险化学品、易制毒品及监控化学品）生产、销售（除危险品及有污染的工艺）。（凡涉及后置审批项目的，凭相关许可证经营，浙江省后置审批目录详见浙江省人民政府官网）（依法须经批准的项目，经相关部门批准后方可开展经营活动）,91330703052808423T,-,2012-08-20 至 9999-12-31,存续,,,0579-82830299,暂无
浙江省象山县丹东街道天安路上余村（象山花岗岩市场二十一号）,象山中象石材厂,个人独资企业,浙江省象山县丹东街道天安路上余村（象山花岗岩市场二十一号）,2014-02-25,浙江省,制造业,2016-08-26,王也平,330225000108525,-,象山县市场监督管理局,913302250948614419,09486144-1,存续,花岗岩、大理石加工、批发、零售。,913302250948614419,-,*** 至 无固定期限,存续,,,13566585841,暂无
河北省石家庄市藁城区梅花镇东庄村屯头路东行500米路北,石家庄意诚橡塑制品有限公司,有限责任公司,河北省石家庄市藁城区梅花镇东庄村屯头路东行500米路北,2016-11-28,河北省,制造业,2016-11-28,苏立强,-,150万人民币,藁城区工商行政管理局,91130182MA07YL161H,-,存续（在营、开业、在册）,聚丙烯、聚乙烯、泡沫制品（国家禁止类、限制类项目除外）、塑料制品（医用塑料除外）生产及销售（依法须经批准的项目，经相关部门批准后方可开展经营活动）。,91130182MA07YL161H,-,2016-11-28 至 无固定期限,存续,,,13803333151,暂无
江西省九江市九江县新合镇爱国村,九江县鸿翔陶瓷有限公司,有限责任公司(自然人投资或控股),江西省九江市九江县新合镇爱国村,2011-07-25,江西省,制造业,2017-04-26,文冬莲,360421210008043,50万人民币,九江市柴桑区市场和质量监督管理局,913604215787697722,-,存续（在营、开业、在册）,陶瓷原料加工、销售（化学危险品除外，涉及许可的凭许可证经营）***,913604215787697722,-,2011-07-25 至 无固定期限,存续,,,13870216225,2675363678@qq.con
江西省九江市九江县甘泉路2支巷3号,九江县益威服饰织造有限公司,有限责任公司(自然人独资),江西省九江市九江县甘泉路2支巷3号,2013-08-21,江西省,制造业,2017-03-07,蔡新缘,360421210012033,50万人民币,九江县市场和质量监督管理局,91360421076853632J,07685363-2,注销,服装、鞋帽、织布、织带、纺织品制造，销售。（依法须经批准的项目，经相关部门批准后方可开展经营活动）***,91360421076853632J,-,2013-08-21 至 无固定期限,,,,13870295501,708927395@qq.com
江西省九江市九江经济技术开发区柴桑大市场西区E2幢47、49号一楼,九江信亿物资有限公司,有限责任公司(自然人投资或控股),江西省九江市九江经济技术开发区柴桑大市场西区E2幢47、49号一楼,2016-11-17,江西省,制造业,2017-08-07,艾立志,360406210041892,500万人民币,九江经济技术开发区市场和质量监督管理局,91360406MA35LAPK1T,-,存续（在营、开业、在册）,"五金工具、标准件、机电设备、仪器仪表、机器配件、高低压电器、润滑油、劳保用品、保温材料、电线电缆、金属材料、建材、化工原料（除危险品）、纸制品销售，车床配件、非标件、轴承加工及销售；钢结构销售、安装(依法须经批准的项目,经相关部门批准后方可开展经营活动)",91360406MA35LAPK1T,-,2016-11-17 至 2046-11-16,存续,,,18897922768,1595231153@qq.com
河北省石家庄市长安区胜利北街329号古运码头14-2-201,石家庄庄泰工业炉有限公司,有限责任公司,河北省石家庄市长安区胜利北街329号古运码头14-2-201,2016-08-04,河北省,制造业,2016-08-04,米文明,-,50万人民币,长安区工商行政管理局,91130102MA07U53P48,-,存续（在营、开业、在册）,工业炉设计、制作、加工销售；机电设备销售（特种设备除外）；五金产品、机械设备、耐火材料的销售（依法须经批准的项目，经相关部门批准后方可开展经营活动）***,91130102MA07U53P48,-,2016-08-04 至 2036-08-03,存续,,,15030925373,暂无
萧县圣泉乡穆集村,萧县鑫宏电子厂二部,个人独资企业分支机构,萧县圣泉乡穆集村,2017-05-18,安徽省,制造业,2017-05-18,刘星星,-,-,萧县市场监督管理局,91341322MA2NM1W24F,-,存续（在营、开业、在册）,电子元件及组件制造（依法须经批准的项目，经相关部门批准后方可开展经营活动）**,91341322MA2NM1W24F,-,2017-05-18 至 无固定期限,存续,,,暂无,暂无
深圳市大鹏新区大鹏办事处布新社区同富工业区11栋,小宝塑胶（深圳）有限公司二厂,港、澳、台投资独资企业分支机构,深圳市大鹏新区大鹏办事处布新社区同富工业区11栋,2012-08-02,广东省,制造业,2016-03-17,李耀明,440307506684544,0万元,深圳市市场监督管理局,914403000515102706,05151027-0,存续（在营、开业、在册）,-,914403000515102706,-,2012-08-02 至 2031-07-02,存续,,,13924672014,343692398@qq.com
上海市奉贤区奉浦开发区灵芝村943号1幢167室,思昊服饰（上海）有限公司,有限责任公司,上海市奉贤区奉浦开发区灵芝村943号1幢167室,2012-02-27,上海市,制造业,2012-02-27,黄金霞,310120001979117,50万人民币,奉贤区市场监管局,91310120590439987Y,59043998-7,存续（在营、开业、在册）,"服装、服饰及辅料制造、加工（以上限分支机构经营）、批发、零售，窗帘、床上用品、台布、日用百货、鞋帽批发、零售。
【依法须经批准的项目，经相关部门批准后方可开展经营活动】",91310120590439987Y,-,2012-02-27 至 2022-02-26,存续,,,18817718802,563058516@qq.com
辽宁省辽阳市灯塔市铧子乡栈道村第4小组,灯塔市泽润古建陶瓷制造有限公司,有限责任公司(自然人独资),辽宁省辽阳市灯塔市铧子乡栈道村第4小组,2017-06-09,辽宁省,制造业,2017-06-09,李崇志,-,3000万人民币,灯塔市市场监督管理局,91211022MA0U7PH682,-,存续（在营、开业、在册）,陶瓷制品、砖瓦（不含粘土砖）制造。（依法须经批准的项目，经相关部门批准后方可开展经营活动。）,91211022MA0U7PH682,-,2017-06-09 至 2037-06-08,存续,,,暂无,暂无
天津市西青区大寺镇张道口村旭源路4号,斯博蓝（天津）门窗有限公司,有限责任公司,天津市西青区大寺镇张道口村旭源路4号,2016-09-13,天津市,制造业,2017-07-10,沈利利,120111000264334,100万人民币,天津市西青区市场和质量监督管理局,91120111MA05L04K5A,-,存续（在营、开业、在册）,金属门窗制造、加工、安装、销售。（依法须经批准的项目，经相关部门批准后方可开展经营活动）,91120111MA05L04K5A,-,2016-09-13 至 2066-09-12,存续,,,13693088237,暂无
成都市简阳市简城节约村,四川爱硕保温材料有限公司,有限责任公司(自然人投资或控股),成都市简阳市简城节约村,2017-05-15,四川省,制造业,2017-05-15,王忠兴,-,200万人民币,简阳工商局,91510185MA6CPTYC9A,-,存续（在营、开业、在册）,生产、销售：建筑保温隔热材料、建筑材料；专业承包内外墙装饰工程、内外墙保温工程。（依法须经批准的项目，经相关部门批准后方可开展经营活动）。,91510185MA6CPTYC9A,-,2017-05-15 至 3999-01-01,存续,,,暂无,暂无
新泰市工业新区,山东金瑞电气有限责任公司,有限责任公司(自然人投资或控股),新泰市工业新区,2014-02-27,山东省,制造业,2015-10-30,李夫强,370982200027521,10068万人民币,新泰市工商行政管理局,913709827666980439,76669804-3,在营,高低压电器元器件、高压组合电器、高低压成套开关设备、箱式变电站、电缆分支箱、电线电缆的生产、销售；变压器销售；机电设备安装；货物进出口。(依法须经批准的项目，经相关部门批准后方可开展经营活动),913709827666980439,-,2014-02-27 至 无固定期限,在业,,http://www.sdjrdq.net/,0538-5080111,sdjrge@163.com
孝昌县白沙镇文卫路,孝昌县林胜辉塑料有限公司,有限责任公司(自然人投资或控股),孝昌县白沙镇文卫路,2016-06-03,湖北省,制造业,2016-10-12,黄雷明,-,300万元,孝昌县工商行政管理局,91420921MA48ABLN81,-,存续（在营、开业、在册）,塑料管、塑料颗粒加工销售；塑料制品、化工产品（不含危险品）销售；废塑料、农林废弃物、农产品、废纸、废有色黑色金属回收销售。（涉及许可经营项目，应取得相关部门许可后方可经营）,91420921MA48ABLN81,-,2016-06-03 至 2017-06-02,存续,,,暂无,暂无
蒙城县双涧工业区,安徽舒美装饰材料有限公司,有限责任公司(自然人独资),蒙城县双涧工业区,2016-07-01,安徽省,制造业,2016-12-27,李化强,-,500万元,蒙城县市场监督管理局,91341622MA2MX9P04M,-,存续（在营、开业、在册）,装饰板材生产；建筑模板生产；木制品、家具加工销售；原木收购；农副产品购销（不含粮食收购）。,91341622MA2MX9P04M,-,2016-07-01 至 2031-06-30,存续,,,13856887341,13856887341@163.COM
河北省邯郸市永年区张边村,邯郸市永年区石泉香酒厂（普通合伙）,普通合伙企业,河北省邯郸市永年区张边村,2004-04-19,河北省,制造业,2017-10-27,李廷姣,130429200000966,-,永年区工商行政管理局,91130429A194605010,A1946050-1,存续（在营、开业、在册）,生产和销售白酒（依法须经批准的项目，经相关部门批准后方可开展经营活动）**,91130429A194605010,Hebei Yongnian County Shiquanxiang Winery,2004-04-19 至 2044-12-16,存续,永年县石泉香酒厂（普通合伙）,,13731016619,448446389@qq.com
山东省淄博市周村区北郊镇姜萌路北首路西,淄博富森纸管有限公司,有限责任公司(自然人独资),山东省淄博市周村区北郊镇姜萌路北首路西,2016-09-21,山东省,制造业,2016-09-21,石绍波,370306200033227,10万,周村区工商行政管理局,91370306MA3CH6HC97,-,在营,纸管、纸箱、纸包装制品生产、加工、销售；胶带、包装材料、建材、化工产品（不含易制毒、危险化学品）、五金产品、机械设备、电气产品、电子产品、劳保护品、办公用品销售。（依法须经批准的项目，经相关部门批准后方可开展经营活动）,91370306MA3CH6HC97,-,2016-09-21 至 无固定期限,在业,,,13668634575,xddzeb@126.com
石狮市宝盖镇鞋业工业园,石狮飞达服装有限公司,有限责任公司(台港澳法人独资),石狮市宝盖镇鞋业工业园,2002-03-28,福建省,制造业,2016-06-08,蔡水贫,-,50万美元,福建省石狮市市场监督管理局,913505817318694396,73186943-9,存续（在营、开业、在册）,生产服装（产品出口不含配额许可证管理品种）（产品１００％外销）。（依法须经批准的项目，经相关部门批准后方可开展经营活动）,913505817318694396,"Shishi Feida Garment Co., Ltd.",2002-03-28 至 2052-03-28,存续,,,13615978685,暂无
四川省德阳市旌阳区城区乡风光村四组,四川德阳神牛食品有限公司,有限责任公司(自然人投资或控股),四川省德阳市旌阳区城区乡风光村四组,1998-04-06,四川省,制造业,2016-05-09,江忠明,-,186.984万人民币,德阳市工商行政管理局,91510600205171583U,20517158-3,吊销，未注销,膨化食品、炒货食品及坚果制品[油炸类、烘炒类（分装）]（凭有效许可证开展经营活动）。（依法须经批准的项目，经相关部门批准后方可开展经营活动）。,91510600205171583U,-,1998-04-06 至 2018-04-05,,,,0838-2430288,暂无
吉林省长春市九台市兴隆镇街道办事处头道村,九台区龙余纱线有限公司,有限责任公司(自然人独资),吉林省长春市九台市兴隆镇街道办事处头道村,2016-06-27,吉林省,制造业,2016-11-28,唐伟建,220181200505097,500万,长春市工商行政管理局九台分局,91220181MA0Y5E847C,-,存续（在营、开业、在册）,混纺纱、棉布、棉纱加工及销售，羊毛、羊绒收购（依法须经批准的项目，经相关部门批准后方可开展经营活动）,91220181MA0Y5E847C,-,2016-06-27 至 2036-06-26,存续,,,13839427377,641799925@qq.com
新疆伊犁州巩留县三区幸福路永顺小区A幢一层11号,巩留县飞天门业制造有限责任公司,有限责任公司(自然人投资或控股),新疆伊犁州巩留县三区幸福路永顺小区A幢一层11号,2013-04-24,新疆维吾尔自治区,制造业,2016-05-13,陶国用,654124050001414,56万元人民币,巩留县工商行政管理局,9165402406553154XU,06553154-X,存续（在营、开业、在册）,木门窗、金属家具、木质家具制造、销售，五金、室内装修材料销售。,9165402406553154XU,-,2013-04-24 至 2028-04-23,存续,,,13565213958,245514330@qq.com
苏州高新区东渚镇协新路28号,苏州优特迈德医疗器械有限公司,有限责任公司,苏州高新区东渚镇协新路28号,2011-02-22,江苏省,制造业,2015-11-26,陈建龙,-,300万元人民币,苏州高新区（虎丘区）市场监督管理局,91320505569177951M,56917795-1,在业,研发、生产、销售：一类医疗器械，6810矫形外科（骨科）手术器械（骨钻）；机电设备及零部件，电子电器产品及零部件。（依法须经批准的项目，经相关部门批准后方可开展经营活动）,91320505569177951M,-,2011-02-22 至 2031-02-21,在业,,,13606138008,暂无
浙江省金华市婺城区熟溪路889号1#厂房四楼、五楼,金华市新致美义齿有限公司,有限责任公司(自然人投资或控股),浙江省金华市婺城区熟溪路889号1#厂房四楼、五楼,2003-07-29,浙江省,制造业,2017-05-23,郭怀英,330702000012859,50万人民币,金华市市场监督管理局经济技术开发区分局,91330701753010780T,75301078-0,存续,第二类6863口腔科材料生产及研发（凭有效许可证件经营）。（依法须经批准的项目，经相关部门批准后方可开展经营活动）,91330701753010780T,-,2003-07-29 至 2028-07-28,存续,,,13506796691,暂无
荆门市东宝区长宁大道29号一楼,湖北绿诺资源循环利用有限公司,有限责任公司(自然人独资),荆门市东宝区长宁大道29号一楼,2017-06-09,湖北省,制造业,2017-06-09,李世影,-,500万元,荆门市工商行政管理局,91420800MA4907FH6Y,-,存续（在营、开业、在册）,废钢、废铁、废五金、废塑料、废轮胎、废弃电子电器、废弃电路板、报废汽车、报废机械设备、报废轻化工产品（不含危化品）及其它废旧物资的回收、储运、拆解、销售与处置，废旧车用动力蓄电池的收集、贮存、销售与处置，废弃物资的循环利用（不含危险废物经营及其它专项规定项目），汽车租赁，充电桩业务（须在油（气）库、加油（气）站安全范围内设置），仓储物流服务（不含危化品及其它专项规定项目），网站建设及运营服务，企业管理咨询，商务信息咨询（不得从事吸收公众存款或变相吸收公众存款、发放贷款等金融业务），汽车及零配件、建筑装饰材料、高低压电器、五金交电、水暖器材、消防器材、电子产品、劳保用品、洗化用品（不含危化品及其它专项规定项目）、日用百货销售。（依法须经批准的项目，经相关部门批准后方可开展经营活动）,91420800MA4907FH6Y,-,2017-06-09 至 无固定期限,存续,,,暂无,暂无
泸州市纳溪区浙江产业园区,四川恒洋金属制品有限公司,有限责任公司(自然人投资或控股),泸州市纳溪区浙江产业园区,2010-08-23,四川省,制造业,2016-04-13,孙菊,-,2000万人民币,泸州市纳溪区工商行政管理局,91510503560708736W,56070873-6,存续（在营、开业、在册）,生产金属丝绳及其制品的制造（钢丝网围栏的生产、销售及安装）；草原生态治理服务（凭国家许可进行经营）。（依法须经批准的项目，经相关部门批准后方可开展经营活动）,91510503560708736W,-,2010-08-23 至 无固定期限,存续,,,13982118233,317073749@qq.com
山东省日照市莒县龙山镇工业园旅游大道西50米,日照市福旺兴食品有限公司,有限责任公司(自然人投资或控股),山东省日照市莒县龙山镇工业园旅游大道西50米,2014-11-17,山东省,制造业,2017-09-22,孟祥成,371122200020444,100万人民币,莒县市场监督管理局,9137112231059537XY,-,在营,速冻食品加工、销售（产品明细见全国工业产品生产许可证副页，未取得食品生产许可证副页，禁止出厂销售。）（有效期限以全国工业生产许可证为准）。(依法须经批准的项目，经相关部门批准后方可开展经营活动),9137112231059537XY,-,2014-11-17 至 2029-11-16,在业,,,13706335015,lvzhaoxiang3017@126.com
安徽省芜湖市繁昌县繁阳镇纬三路与经七路交叉口,繁昌县李伟布艺有限公司,有限责任公司(自然人投资或控股),安徽省芜湖市繁昌县繁阳镇纬三路与经七路交叉口,2017-05-02,安徽省,制造业,2017-05-02,李伟,-,300万元,繁昌县市场监督管理局,91340222MA2NKM0354,-,存续（在营、开业、在册）,棉纱、棉布、针纱布、梭纱布、棉花的加工及销售。（依法须经批准的项目，经相关部门批准后方可开展经营活动）***,91340222MA2NKM0354,-,2017-05-02 至 无固定期限,存续,,,暂无,暂无
江西省景德镇市珠山区曙光路18号,景德镇市星光陶瓷有限公司,有限责任公司(自然人投资或控股),江西省景德镇市珠山区曙光路18号,1997-03-25,江西省,制造业,2017-05-18,肖宝发,360200210013207,60万人民币,景德镇市市场和质量监督管理局,91360200612711727X,61271172-7,存续（在营、开业、在册）,陶瓷制造、加工（不含使用梭式窑）、销售。（依法须经批准的项目，经相关部门批准后方可开展经营活动）***,91360200612711727X,-,1997-03-25 至 无固定期限,存续,,,0798-8284788,jdzsxgtc@163.com
佛山市顺德区龙江镇东涌社区涌口工业区海逸路3号8号及首层部分,佛山市品之阁家具有限公司,有限责任公司(自然人投资或控股),佛山市顺德区龙江镇东涌社区涌口工业区海逸路3号8号及首层部分,2016-08-17,广东省,制造业,2016-09-26,肖庆松,440681000855204,15万元人民币,佛山市顺德区市场监督管理局,91440606MA4UTT8N88,-,存续,制造：家具，五金制品及其配件。(依法须经批准的项目，经相关部门批准后方可开展经营活动)〓,91440606MA4UTT8N88,-,2016-08-17 至 无固定期限,存续,,,0757-23888683,暂无
石狮市宝盖镇塘后五片区3号,石狮市振兴电脑机绣有限公司,有限责任公司,石狮市宝盖镇塘后五片区3号,2006-03-20,福建省,制造业,2006-03-20,黄会穆,-,12万人民币,福建省石狮市市场监督管理局,91350581158224661L,15822466-1,吊销，未注销,"服装电脑绣花加工。(以上经营范围涉及许可经营项目的,应在取得有关部门的许可后方可经营)",91350581158224661L,-,2006-03-20 至 2016-03-19,,,,暂无,暂无
罗城四把镇新印村桅杆屯（张荣琼家）,广西罗城欧亚装饰有限公司,有限责任公司(自然人投资或控股),罗城四把镇新印村桅杆屯（张荣琼家）,2017-03-28,广西壮族自治区,制造业,2017-03-28,莫韦彪,451225000108777,100万元人民币,罗城仫佬族自治县工商行政管理和质量技术监督局,91451225MA5L27937L,-,存续（在营、开业、在册）,水泥构件加工、安装、室内外装修、装饰服务*,91451225MA5L27937L,-,2017-03-28 至 无固定期限,存续,,,暂无,暂无
韶关市曲江区乌石镇濛浬村委上肖村,韶关市裕辉新型建材有限公司,有限责任公司(自然人独资),韶关市曲江区乌石镇濛浬村委上肖村,2006-09-06,广东省,制造业,2017-07-17,李业辉,440200000002741,100万元人民币,韶关市曲江区工商行政管理局,9144020079294907X0,79294907-X,存续,综合利用粉煤灰生产建筑材料；销售：建筑材料。(依法须经批准的项目，经相关部门批准后方可开展经营活动)〓,9144020079294907X0,"Shaoguan Deguang Environment-friendly Building Materials Co., Ltd.",2006-09-06 至 无固定期限,存续,,,13415629470,1225325896@qq.com
湖北省襄阳市宜城市刘猴,宜城市兴森人造板有限公司,有限责任公司(自然人投资或控股),湖北省襄阳市宜城市刘猴,2004-03-17,,制造业,2015-04-30,谢福照,-,50万元,宜城市工商行政管理局,9142068475704614XE,75704614-X,存续（在营、开业、在册）,工业用建筑模板、家庭装饰板加工销售（经营期限至2018年3月31日止）。,9142068475704614XE,"Yicheng Xingsen Artificial Board Co., Ltd.",2004-03-17 至 无固定期限,存续,,,87654321,742049192@qq.com
深圳市龙华新区龙华街道油松社区尚游公馆3楼303,金凯易通通信(深圳)有限公司,外商独资企业,深圳市龙华新区龙华街道油松社区尚游公馆3楼303,2006-03-14,广东省,制造业,2015-09-18,罗福璋,440301503272807,(香港元)100万元,深圳市市场监督管理局,914403007839058929,78390589-2,存续（在营、开业、在册）,网络通讯产品软硬件的技术开发、数据库及计算机网络服务技术开发，相关技术咨询服务，销售自行开发的技术成果。,914403007839058929,"Jinkai Yitong Communication (Shenzhen) Co., Ltd.",2006-03-14 至 2016-03-14,存续,,,13600197066,13600197066@139.com
河北省石家庄市长安区南村镇小屯村村北二排,河北宏丰金属制品有限公司,有限责任公司,河北省石家庄市长安区南村镇小屯村村北二排,2015-11-12,河北省,制造业,2016-10-13,何伟,-,3550万人民币,石家庄市工商行政管理局,91130100MA07KYMX5H,-,存续（在营、开业、在册）,防护网的安装及销售，五金制品、橡胶制品、输送设备、电线电缆、轴承、交通设备、矿山设备及配件、水泵及配件、减速机及配件、机电产品、化工产品（易制毒化学危险品除外）、钢材、电子产品、机械设备及配件、压力管道及配件、补偿器、冷却器、弹簧支座、弹簧吊架、四通管件、金属软管的销售；金属制品的加工及生产销售。（依法须经批准的项目，经相关部门批准后方可开展经营活动）,91130100MA07KYMX5H,-,2015-11-12 至 2035-11-11,存续,,,15032117888,暂无
江西省宜春市宜丰县天宝乡藤桥村,宜丰县翔宇教学仪器有限公司,有限责任公司(自然人投资或控股),江西省宜春市宜丰县天宝乡藤桥村,2011-02-24,江西省,制造业,2016-04-28,谢解生,360924210006321,301万人民币,宜丰县市场和质量监督管理局,9136092456867629XX,56867629-X,存续（在营、开业、在册）,教学模型、教具、文具用品。（依法须经批准的项目，经相关部门批准后方可开展经营活动）,9136092456867629XX,-,2011-02-24 至 2051-02-23,存续,,,13707055756,1203763510@qq.com
绍兴市东湖镇湖山北路3号,绍兴盛大制笔有限公司,有限责任公司(自然人投资或控股),绍兴市东湖镇湖山北路3号,2004-10-23,浙江省,制造业,2016-10-21,谢金科,330600000069000,50万人民币,绍兴市越城区市场监督管理局,91330602767998224P,76799822-4,存续,制造、销售：笔、装饰画及笔的包装（上述经营范围涉及前置审批的除外）。,91330602767998224P,-,2004-10-23 至 2019-12-31,存续,,,0575-88617198,暂无
清河县杨二庄工业区,河北晶安绒毛制品有限公司,有限责任公司(自然人独资),清河县杨二庄工业区,2016-04-13,河北省,制造业,2017-02-06,李宗财,-,500万人民币,清河县市场监督管理局,91130534MA07PQ2L5W,-,存续（在营、开业、在册）,绒毛及制品加工销售；家纺、服装购销（依法须经批准的项目，经相关部门批准后方可开展经营活动）***,91130534MA07PQ2L5W,-,2016-04-13 至 2036-04-12,存续,,,15335995222,暂无
横县横州镇柳明路294号,广西横县振华商贸信息服务中心（普通合伙企业）,普通合伙企业,横县横州镇柳明路294号,1992-04-15,广西壮族自治区,制造业,2017-05-05,谢荣钰,450127200000542,-,横县工商行政管理局,91450127X19497117E,-,存续（在营、开业、在册）,商品交易信息咨询服务，场地（房屋）出租。,91450127X19497117E,-,1992-04-15 至 无固定期限,存续,广西横县振华茶厂（普通合伙企业）   广西横县附城振华茶厂   横县附城振华茶厂,,0771-7220422,980380995@q.com
浙江省象山县涂茨镇崔家岙47号,象山盛航针织有限公司,有限责任公司(自然人投资或控股),浙江省象山县涂茨镇崔家岙47号,2013-11-11,浙江省,制造业,2016-12-05,孙亚珍,330225000105863,6万人民币,象山县市场监督管理局,913302250792389697,-,存续,针织品、服装制造、加工；棉纱批发、零售。,913302250792389697,-,2013-11-11 至 无固定期限,存续,,,0574-65690143,暂无
石家庄经济技术开发区三峡路18号,石家庄兆通金刚石工贸有限公司开发区分公司,有限责任公司分公司,石家庄经济技术开发区三峡路18号,2008-10-23,河北省,制造业,2016-03-18,,-,-,藁城区工商行政管理局,91130182681390007J,68139000-7,存续（在营、开业、在册）,金刚石锯片、水钻头生产、批发、零售（依法须经批准的项目，经相关部门批准后方可开展经营活动）。,91130182681390007J,-,2008-10-23 至 无固定期限,存续,,,13288743849,2875337661@qq.com
萧县丁里前梁庄村,萧县中顺石料厂,个人独资企业,萧县丁里前梁庄村,2010-05-17,安徽省,制造业,2017-06-30,朱慧敏,-,-,萧县市场监督管理局,913413220529262004,05292620-0,吊销，未注销,一般经营项目：建筑用花岗石加工、销售**,913413220529262004,-,*** 至 无固定期限,,,,0557-5022531,736860792@qq.com
成都市青白江区工业集中发展区复兴大道639号,四川可塑新材料科技有限公司,有限责任公司(自然人投资或控股),成都市青白江区工业集中发展区复兴大道639号,2016-08-11,四川省,制造业,2016-08-11,冷恒熠,-,100万人民币,青白江区市场和质量监督管理局,91510113MA61X62084,-,存续（在营、开业、在册）,研发、生产、销售：塑料助剂、橡胶助剂、复合材料、建材、装饰材料；销售：化工原料及产品（不含危险品）、塑料制品、化工设备、五金、交电、百货、机械产品；货物及技术进出口业务（不含国家限制类）（以上依法须经批准的项目，经相关部门批准后方可开展经营活动）。,91510113MA61X62084,-,2016-08-11 至 3999-01-01,存续,,,13320948887,chengdulr@163.com
随州市曾都区北郊两水首义村,随州市欣祥工贸有限责任公司,有限责任公司(自然人投资或控股),随州市曾都区北郊两水首义村,2001-07-26,湖北省,制造业,2014-04-22,谢勇,-,1520万元,随州市工商行政管理局,91421300730841223R,73084122-3,存续（在营、开业、在册）,大米加工、销售；粮食收购。（上述经营项目需持有效许可证并按许可内容经营）,91421300730841223R,-,2001-07-26 至 无固定期限,存续,,,0722-3309258,2322469478@qq.com
江阴市璜土高栗村山下头8－1号,江阴市飞叶包装有限公司,有限责任公司,江阴市璜土高栗村山下头8－1号,2016-08-17,江苏省,制造业,2016-08-17,徐丹飞,-,200万元人民币,江阴市市场监督管理局,91320281MA1MRNN99N,-,在业,塑料集装袋、薄膜袋、编织袋、吊带、木托盘、木包装箱、纸箱、金属包装容器、其他塑料制品的制造、加工、销售。（依法须经批准的项目，经相关部门批准后方可开展经营活动）,91320281MA1MRNN99N,-,2016-08-17 至 2046-08-16,在业,,,13915307701,1192027541@qq.com
浙江省金华市永康市古山镇大江畈村下井头自然村35号,永康市宝时洁日用品有限公司,有限责任公司(自然人独资),浙江省金华市永康市古山镇大江畈村下井头自然村35号,2017-05-17,浙江省,制造业,2017-05-17,陈海挺,-,110万人民币,永康市市场监督管理局,91330784MA29LHBU54,-,存续,清洁用具、保温杯、日用塑料制品、日用五金制品制造、加工、销售；注塑机加工（依法须经批准的项目，经相关部门批准后方可开展经营活动）,91330784MA29LHBU54,-,2017-05-17 至 9999-09-09,存续,,,暂无,暂无
泸州市泸县喻寺镇顺墙街,四川龙韵郎酒业股份有限公司,股份有限公司(非上市、自然人投资或控股),泸州市泸县喻寺镇顺墙街,2016-07-06,四川省,制造业,2016-07-06,张志文,-,100万人民币,泸州市工商行政管理局,91510500MA6227640Q,-,存续（在营、开业、在册）,酒的生产、销售；食品销售（以上项目未取得相关行政许可，不得开展经营活动）。（依法须经批准的项目，经相关部门批准后方可开展经营活动）,91510500MA6227640Q,-,2016-07-06 至 无固定期限,存续,,,15256970909,暂无
福建省泉州市南安市水头镇华源电镀集控区29栋厂房东侧,泉州安运制版有限公司,有限责任公司(自然人独资),福建省泉州市南安市水头镇华源电镀集控区29栋厂房东侧,2017-06-06,福建省,制造业,2017-07-17,史红波,-,1000万人民币,福建省南安市市场监督管理局,91350582MA2YA9MC9R,-,存续（在营、开业、在册）,印版、滚筒制造；包装装潢印刷品及其他印刷品印刷；专业化设计服务。（依法须经批准的项目，经相关部门批准后方可开展经营活动）,91350582MA2YA9MC9R,-,2017-06-06 至 2037-06-05,存续,,,暂无,暂无
广州市白云区田心江街四巷3号一楼,广州忠鸿纸品包装有限公司,有限责任公司(自然人独资),广州市白云区田心江街四巷3号一楼,2016-05-26,广东省,制造业,2016-05-26,谢水红,440111001002089,50万,广州市白云区工商行政管理局,91440111MA59D2E428,-,存续,纸和纸板容器制造;加工纸制造;其他纸制品制造;机制纸及纸板制造;商品批发贸易（许可审批类商品除外）;商品零售贸易（许可审批类商品除外）;货物进出口（专营专控商品除外）;包装材料的销售;(依法须经批准的项目，经相关部门批准后方可开展经营活动)〓,91440111MA59D2E428,-,2016-05-26 至 2019-04-28,存续,,,18680474419,暂无
深圳市宝安区松岗街道东方定厚路5号,宝安区松岗史密斯灯饰制品厂,来料加工,深圳市宝安区松岗街道东方定厚路5号,1998-04-20,广东省,制造业,2007-12-14,文东光,-,(香港元)0万元,深圳市市场监督管理局,91440300X18938769D,X1893876-9,存续（在营、开业、在册）,灯饰及零配件。,91440300X18938769D,-,1998-04-20 至 2013-04-14,存续,,,暂无,暂无
河北省沧州市泊头市洼里王镇后高尧村,泊头市信诺特金属制品有限公司,有限责任公司,河北省沧州市泊头市洼里王镇后高尧村,2015-12-21,河北省,制造业,2015-12-21,王猛,-,50万人民币,泊头市市场监督管理局,91130981MA07M25002,-,存续（在营、开业、在册）,铁艺制品生产销售；木制品、玻璃制品销售；货物进出口（依法须经批准的项目，经相关部门批准后方可开展经营活动）,91130981MA07M25002,-,2015-12-21 至 2035-12-20,存续,,http://sinotmetalwork.en.alibaba.com,15100808324,641224562@qq.com
玉环市坎门街道水龙村,台州林若传动轴有限公司,有限责任公司(自然人投资或控股),玉环市坎门街道水龙村,2016-03-22,浙江省,制造业,2017-09-20,史微微,331021000208180,30万人民币,玉环市市场监督管理局,91331021MA28GA3K5A,MA28GA3K5,存续,传动轴、汽车配件制造加工，货物进出口、技术进出口。,91331021MA28GA3K5A,-,2016-03-22 至 2036-03-21,存续,,,15058764455,暂无
绵阳市游仙区新桥镇新跃村,四川牧康食品有限公司,有限责任公司(自然人投资或控股),绵阳市游仙区新桥镇新跃村,2016-06-27,四川省,制造业,2016-06-27,邓贤君,-,100万人民币,绵阳市游仙区食品药品和工商质监管理局,91510704MA624BE430,-,存续（在营、开业、在册）,食品研发；食品包装设计；食品生产、销售；农作物、蔬菜、水果的种植、销售；利用互联网从事预包装食品、日用百货、花卉、苗木、蔬菜、水果的销售。（以上经营范围中依法须经批准的项目，经相关部门批准后方可开展经营活动）,91510704MA624BE430,-,2016-06-27 至 无固定期限,存续,,,15082166868,暂无
南充市丝绸路141-1-2-6-26号,四川南充亿达塑钢门窗有限公司,有限责任公司(自然人投资或控股),南充市丝绸路141-1-2-6-26号,1999-03-10,四川省,制造业,2016-11-03,左超洋,-,100万人民币,南充市顺庆区工商和质量技术监督局,915113027672867453,76728674-5,存续（在营、开业、在册）,加工、安装塑钢门窗，销售装饰材料、建材。（依法须经批准的项目，经相关部门批准后方可开展经营活动）,915113027672867453,-,2000-07-19 至 2018-05-10,存续,,,13990777986,595308832@qq.com
上海市闵行区新骏环路245号1幢D203室,世德电子元件（上海）有限公司,有限责任公司(外国法人独资),上海市闵行区新骏环路245号1幢D203室,2011-10-08,上海市,制造业,2011-10-08,MARC STANESBY,310000400663948,60万欧元,上海市工商行政管理局,91310000582123691P,58212369-1,存续（在营、开业、在册）,"开发和生产电子开关和电气开关（包括控制开关、低压电子开关）及其零配件，销售自产产品并提供售后服务和技术支持；从事上述产品的批发、进出口、佣金代理（拍卖除外）及其它相关配套服务（不涉及国营贸易管理商品，涉及配额、许可证管理商品的，按国家有关规定办理申请）。
【依法须经批准的项目，经相关部门批准后方可开展经营活动】",91310000582123691P,-,2011-10-08 至 2041-10-07,存续,,www.steute.cn,021-64457886,info@steute.cn
忻州市开发区原山西铁路工程公司院内,忻州市开发区众创乐汇商贸有限公司,有限责任公司(自然人投资或控股),忻州市开发区原山西铁路工程公司院内,2016-04-20,山西省,制造业,2016-04-20,郭志勇,-,1000万元,山西省忻州市工商行政管理局开发区分局,91140900MA0GTXYQ9F,-,存续（在营、开业、在册）,经营：特色食品、农副产品的加工与销售；半成品食品、预包装食品销售。（依法须经批准的项目，经相关部门批准后方可开展经营活动）,91140900MA0GTXYQ9F,-,2016-04-20 至 2019-04-19,存续,,,13903501829,540042701@qq.com
东莞市长安镇乌沙社区兴二路18号七楼708号厂房,九正精工（东莞）有限公司,有限责任公司(自然人投资或控股),东莞市长安镇乌沙社区兴二路18号七楼708号厂房,2016-11-03,广东省,制造业,2017-03-24,莫秋波,441900003500048,50万元人民币,东莞市工商行政管理局,91441900MA4UXC3N1D,-,存续,产销：模具及配件、金属制品、塑胶制品、硅胶制品、橡胶制品、包装材料；金属表面处理。(依法须经批准的项目，经相关部门批准后方可开展经营活动)〓,91441900MA4UXC3N1D,-,2016-11-03 至 无固定期限,存续,,,13728300605,暂无
甘肃省酒泉市肃州区公园路30号,酒泉伯朗服饰有限公司,有限责任公司(自然人投资或控股),甘肃省酒泉市肃州区公园路30号,2016-09-01,甘肃省,制造业,2016-09-01,庞俊杰,620902200062641,200万元人民币,肃州区工商行政管理局,91620902MA72K3H58A,-,存续（在营、开业、在册）,服装设计、制作、加工、批发及零售。（依法须经批准的项目，经相关部门批准后方可开展经营活动）***,91620902MA72K3H58A,-,2016-09-01 至 2036-08-31,存续,,,18293707227,303877421@qq.com
甘肃省酒泉市肃州区北新街2号-2号楼2号院3-1-1号,酒泉简易材料有限公司,有限责任公司,甘肃省酒泉市肃州区北新街2号-2号楼2号院3-1-1号,2015-03-30,甘肃省,制造业,2016-07-06,安小玲,-,50万元人民币,肃州区工商行政管理局,916209023321665339,33216653-3,存续（在营、开业、在册）,建筑材料、装饰装璜材料、展示材料、新型材料的研制、开发、加工、销售。***,916209023321665339,-,2015-03-30 至 2035-03-29,存续,,,18193733559,631568832@qq.com
浙江省宁海县岔路镇工业园区,克拉克密封件（宁波）有限公司,有限责任公司(外商合资),浙江省宁海县岔路镇工业园区,2008-01-24,浙江省,制造业,2016-09-21,HENRY WINSTON ZAHN,330200400019571,448万美元,宁海县市场监督管理局,91330226671204821H,67120482-1,存续,橡胶密封件及其它橡胶制品(除国家限制外商投资项目)制造、加工；自营和代理货物及技术的进出口，但国家限定经营或禁止进出口的货物及技术除外（不含分销）。,91330226671204821H,-,2008-01-24 至 2058-01-23,存续,,http://www.clarkseals.cn/,0574-65131226,sales@clarkseals.cn
甘肃省酒泉市肃州区航空路2号（肃州区下河清农场）,酒泉下农节水滴灌有限公司,有限责任公司(自然人投资或控股),甘肃省酒泉市肃州区航空路2号（肃州区下河清农场）,2014-11-04,甘肃省,制造业,2017-04-01,李永武,620902200034250,200万元人民币,肃州区工商行政管理局,916209023161143708,-,存续（在营、开业、在册）,"节水灌溉用塑料制品及过滤器、施肥器、排灌机械、建筑用塑料管材、管件、型材、板材、滴灌管、滴管带的制造、安装；节水材料研发及循环利用；回收废旧塑料、造粒、滴灌带生产及销售。(依法需经批准的项目,经相关部门批准后方可开展经营活动)***",916209023161143708,-,2014-11-04 至 2034-11-03,存续,,,13893707602,986613795@qq.com
醴陵市白兔潭镇长庆村新屋组,醴陵市旺鑫花炮厂（普通合伙）,普通合伙企业,醴陵市白兔潭镇长庆村新屋组,2016-05-04,湖南省,制造业,2016-05-04,李志祥,-,-,醴陵市食品药品工商质量监督管理局,91430281MA4L45TX3W,-,存续（在营、开业、在册）,爆竹类：爆竹类（C）级生产及销售（限2019年4月29日之前有效）。,91430281MA4L45TX3W,-,2016-05-04 至 无固定期限,存续,,,13907418709,暂无
辛集市商业城国泰路１１号,辛集市华硕皮业制衣有限公司,有限责任公司,辛集市商业城国泰路１１号,2004-10-18,河北省,制造业,2015-10-19,徐英华,-,50万人民币,辛集市工商行政管理局,91130181768105811U,76810581-1,存续（在营、开业、在册）,加工、销售：皮革服装、细皮制品、羊绒制品、服装、毛领、箱包；收购：生狐皮、裘皮；经营本企业自产产品和技术的出口业务和本企业所需的原辅材料、机械设备、零配件及技术的进口业务，但国家限定公司经营和禁止进出口的商品及技术除外※※,91130181768105811U,"Xinji Huashuo Leather Garment Co., Ltd.",2004-10-18 至 无固定期限,存续,,,13934149629,暂无
寿光市台头镇三座楼村村北,寿光市长久防水材料有限公司,有限责任公司(自然人独资),寿光市台头镇三座楼村村北,2016-07-11,山东省,制造业,2016-07-11,刘磊,370783200126945,300万,寿光市市场监督管理局,91370783MA3CDJ8T40,-,在营,生产、销售：防水建筑材料、非织造布；承揽：建筑防水工程、防腐保温工程；经营国家允许范围内的货物与技术的进出口业务（依法须经批准的项目，经相关部门批准后方可开展经营活动）***,91370783MA3CDJ8T40,-,2016-07-11 至 2046-07-10,在业,,,13583635955,13583635955@163.com
山东省临沂市莒南县大店镇四角岭村,莒南县鑫航磨料磨具厂,个人独资企业,山东省临沂市莒南县大店镇四角岭村,2017-03-30,山东省,制造业,2017-03-30,杨佃光,371327300016346,30万,莒南县工商行政管理局,91371327MA3DE73M9D,-,在营,磨料、磨具加工、销售。（依法须经批准的项目，经相关部门批准后方可开展经营活动）,91371327MA3DE73M9D,-,2017-03-30 至 无固定期限,在业,,,暂无,暂无
山东省日照市莒县浮来山镇胡家街,莒县浮来山塑料有限公司,有限责任公司(自然人投资或控股),山东省日照市莒县浮来山镇胡家街,2001-11-05,山东省,制造业,2016-04-22,侯平伟,371122228002236,300万人民币,莒县市场监督管理局,91371122168532721T,16853272-1,在营,塑料编织制品自产自销  经营本企业自产产品的出口业务和本企业所需的机械设备  零配件  原辅材料的进口业务  但国家限定公司经营或禁止进出口的商品及技术除外(依法须经批准的项目，经相关部门批准后方可开展经营活动)。,91371122168532721T,"Juxian Flying Mountain Plastic Co., Ltd.",2001-11-05 至 2035-11-04,在业,,,13963338281,1912532717@qq.com
山东省聊城市莘县王奉镇北滩村038号,莘县鸿翔汽车座垫加工厂,个人独资企业,山东省聊城市莘县王奉镇北滩村038号,2017-03-15,山东省,制造业,2017-03-15,王怀宝,371522300029207,50万,莘县工商行政管理局,91371522MA3DBA2Y2U,-,在营,汽车座垫加工、销售。（依法须经批准的项目，经相关部门批准后方可开展经营活动）,91371522MA3DBA2Y2U,-,2017-03-15 至 无固定期限,在业,,,暂无,暂无
山东省聊城市莘县朝城镇江楼村208号,莘县奇嘉玻璃钢有限公司,有限责任公司(自然人投资或控股),山东省聊城市莘县朝城镇江楼村208号,2017-03-30,山东省,制造业,2017-03-30,江建军,371522200049042,100万,莘县工商行政管理局,91371522MA3DEBL20D,-,在营,玻璃钢生产、加工、销售。（依法须经批准的项目，经相关部门批准后方可开展经营活动）,91371522MA3DEBL20D,-,2017-03-30 至 无固定期限,在业,,,暂无,暂无
山东省日照市莒县城阳镇西关社区西大街村,莒县华川金属制品有限公司,有限责任公司(自然人独资),山东省日照市莒县城阳镇西关社区西大街村,2017-02-27,,制造业,2017-10-17,郭兴旺,371122200046305,100万,莒县市场监督管理局,91371122MA3D88CG7B,-,在营,金属制品加工、销售。建筑装饰工程、园林绿化工程施工；钢结构安装，广告牌制作、安装；建筑装饰材料（不含危险化学品）销售；建筑机械设备租赁。（依法须经批准的项目，经相关部门批准后方可开展经营活动）,91371122MA3D88CG7B,-,2017-02-27 至 2027-02-26,在业,,,暂无,暂无
山东省日照市莒县夏庄镇石屯社区临港路（日照市州泰金属制造有限公司院内）,莒县盛钜塑料制品有限责任公司,有限责任公司(自然人独资),山东省日照市莒县夏庄镇石屯社区临港路（日照市州泰金属制造有限公司院内）,2016-07-27,山东省,制造业,2016-07-27,于香台,371122200036821,100万,莒县市场监督管理局,91371122MA3CEB827P,-,在营,塑料板及其他塑料制品的生产、销售（依法须经批准的项目，经相关部门批准后方可开展经营活动）,91371122MA3CEB827P,-,2016-07-27 至 2025-07-26,在业,,,13616330158,745796000@qq.com
湖南省澧县城头山镇牌楼村四组,澧县新民新型环保建材厂,个人独资企业,湖南省澧县城头山镇牌楼村四组,2016-01-28,湖南省,制造业,2016-08-08,李俊三,-,-,澧县市场和质量监督管理局,91430723MA4L2RKK98,-,注销,环保砖生产销售。（依法须经批准的项目，经相关部门批准后方可开展经营活动）,91430723MA4L2RKK98,-,*** 至 无固定期限,,,,暂无,暂无
巩义市夹津口镇韵沟村,巩义市华宇净水材料厂,个人独资企业,巩义市夹津口镇韵沟村,2008-05-06,河南省,制造业,2008-05-06,孙贵章,-,-,巩义市工商行政管理局,91410181675359740Y,67535974-0,存续（在营、开业、在册）,生产：净水滤料。,91410181675359740Y,Gongyi Huayu PuregenWater Material Factory,*** 至 无固定期限,存续,,,15649298888,94659876@qq.com
潮州市潮安区庵埠镇文里村高园二幢11号铺面,潮州市潮安区达威尔空气净化工程有限公司,有限责任公司(自然人投资或控股),潮州市潮安区庵埠镇文里村高园二幢11号铺面,2014-07-16,广东省,制造业,2017-08-10,李政武,445121000072207,290万元人民币,潮州市潮安区工商行政管理局,914451033981919180,39819191-8,存续,车间空气净化工程系统的设计、安装、维护；销售：空气净化设备。(依法须经批准的项目，经相关部门批准后方可开展经营活动)〓,914451033981919180,-,2014-07-16 至 无固定期限,存续,,,5813689,754762897@qq.com
句容市华阳镇大自然花园12幢502室,句容丰彩自行车配件有限公司,有限责任公司(自然人独资),句容市华阳镇大自然花园12幢502室,2016-11-22,江苏省,制造业,2016-11-22,邱昌海,-,150万元人民币,句容市市场监督管理局,91321183MA1N0PA95J,-,在业,自行车配件、纸箱、玩具、箱包、服装的加工、生产、销售；园林绿化工程、房屋建筑工程施工；电器及机电设备、金属材料、五金产品、电子产品、针织品、纺织品、工艺美术品销售。（依法须经批准的项目，经相关部门批准后方可开展经营活动）,91321183MA1N0PA95J,-,2016-11-22 至 无固定期限,在业,,,13913405988,jrftco@163.com
芦山县寇家坝工业园区,四川顺润纺织科技有限公司,有限责任公司(自然人投资或控股),芦山县寇家坝工业园区,2015-09-30,四川省,制造业,2015-09-30,李茂水,-,100万人民币,芦山县工商和质监管理局,91511826MA62C0128F,-,存续（在营、开业、在册）,纺织品原料及成品（锦纶、氨纶）销售，进出口业务，品牌经营，技术咨询服务。（依法须经批准的项目，经相关部门批准后方可开展经营活动）,91511826MA62C0128F,-,2015-09-30 至 2035-09-20,存续,,,0835-6521788,1292583349@qq.com
成都市金牛区金府路593号7栋16层8号,四川松柏王家具有限公司,有限责任公司(自然人投资或控股),成都市金牛区金府路593号7栋16层8号,2014-01-14,四川省,制造业,2016-12-21,李姝蓉,-,200万人民币,四川省工商行政管理局,91510000089873886A,08987388-6,存续（在营、开业、在册）,一般经营项目（以下范围不含前置许可项目，后置许可项目凭许可证或审批文件经营）：家具制造业；木制品制造；商品批发与零售。（依法须经批准的项目，经相关部门批准后方可开展经营活动）,91510000089873886A,-,2014-01-14 至 无固定期限,存续,,,18980799166,104249586@qq.com
深圳市龙岗区良安田村大松园路88号,立强精密五金(深圳)有限公司,独资经营(港资),深圳市龙岗区良安田村大松园路88号,2003-09-02,广东省,制造业,2016-08-29,蔡柱强,440307503482870,(香港元)200万元,深圳市市场监督管理局,914403007504894661,75048946-6,存续（在营、开业、在册）,生产经营五金制品、工模、粉末冶金制品、钟表、首饰（以上涉及许可经营的，取得许可证后方可经营）。；,914403007504894661,-,2003-09-02 至 2033-09-02,存续,,http://www.lapkeung.com,0755-84677667,admin01@keung.com
成都市成华区东三环路二段龙潭工业园成致路24号,四川腾跃电器有限公司,有限责任公司(自然人投资或控股),成都市成华区东三环路二段龙潭工业园成致路24号,2015-04-27,四川省,制造业,2016-05-24,付吉锋,-,1000万人民币,成华市场和质量监督管理局,915101083320822250,33208222-5,存续（在营、开业、在册）,生产及销售：家用电器、机电设备、五金交电、电线电缆、金属制品（不含稀贵金属）；高低压成套设备和自动化控制设备的研发、生产、销售、安装；电力工程、通信工程的施工（凭资质证经营）。（依法须经批准的项目，经相关部门批准后方可开展经营活动）。,915101083320822250,-,2015-04-27 至 3999-01-01,存续,,,18140107090,暂无
深圳市宝安区松岗街道罗田社区象山大道22号B栋一楼A区,立旺车业（深圳）有限公司,有限责任公司（外国法人独资）,深圳市宝安区松岗街道罗田社区象山大道22号B栋一楼A区,2001-06-04,广东省,制造业,2015-07-24,黄士维,440306503312523,(美元)160万元,深圳市市场监督管理局,91440300727160566K,72716056-6,存续（在营、开业、在册）,生产经营自行车车架、自行车零配件、折叠自行车、计算机零配件、运动器材、塑胶制品、汽机车零件、家用 电器、日用家具的表面涂装加工及组装销售。产品100％外销。,91440300727160566K,"Liwang Paint Baking Lacquer (Shenzhen) Co., Ltd.",2001-06-04 至 2021-06-04,存续,立旺烤漆（深圳）有限公司   华澧烤漆（深圳）有限公司,,18319709310,2281017969@qq.com
安徽省寿县正阳关镇镇南街道船舶工业园安徽省寿县顺拓服装产业有限公司院内,寿县联民水泥制品有限公司,有限责任公司(自然人投资或控股),安徽省寿县正阳关镇镇南街道船舶工业园安徽省寿县顺拓服装产业有限公司院内,2015-09-14,安徽省,制造业,2015-09-14,曹磊,-,300万元,寿县市场监督管理局,91340422MA2N5WG326,-,存续（在营、开业、在册）,混凝土制造、销售。（依法须经批准的项目，经相关部门批准后方可开展经营活动）**,91340422MA2N5WG326,-,2015-09-14 至 无固定期限,存续,,,18326366689,1049912787@qq.com
